{
  "glass": {
    "onset_idx": 0,
    "modal_reconstruction_rms_ratio": 0.9998562578683038,
    "modal_reconstruction_snr_db": 0.0012486177579236913,
    "resynthesized_rms_ratio": 1.3981230537023879,
    "resynthesized_snr_db": -2.9109079376154394,
    "residual_rms_ratio": 0.9998562578683038,
    "residual_snr_db": 0.0012486177579236913,
    "excitation_peak": 2.00655460357666,
    "excitation_rms": 0.0899159386754036,
    "excitation_crest_factor": 22.31589452452922,
    "excitation_energy_fraction_first_5ms": 0.16876183450222015,
    "excitation_t90_ms": 352.01814058956916,
    "excitation_t99_ms": 2450.975056689342,
    "excitation_spectral_flatness": 0.01395057886838913
  },
  "mug": {
    "onset_idx": 0,
    "modal_reconstruction_rms_ratio": 0.9585188060402969,
    "modal_reconstruction_snr_db": 0.3679872373586044,
    "resynthesized_rms_ratio": 0.3979894682362457,
    "resynthesized_snr_db": 8.002568404394431,
    "residual_rms_ratio": 0.9585188060402969,
    "residual_snr_db": 0.3679872373586044,
    "excitation_peak": 1.7584214210510254,
    "excitation_rms": 0.0371200330555439,
    "excitation_crest_factor": 47.37122454531416,
    "excitation_energy_fraction_first_5ms": 0.31264960765838623,
    "excitation_t90_ms": 43.40136054421769,
    "excitation_t99_ms": 103.58276643990929,
    "excitation_spectral_flatness": 0.08735807985067368
  },
  "metal_bowl": {
    "onset_idx": 0,
    "modal_reconstruction_rms_ratio": 0.981829582264333,
    "modal_reconstruction_snr_db": 0.15927773708207393,
    "resynthesized_rms_ratio": 0.1686174103152229,
    "resynthesized_snr_db": 15.461951700054149,
    "residual_rms_ratio": 0.981829582264333,
    "residual_snr_db": 0.15927773708207393,
    "excitation_peak": 1.090975284576416,
    "excitation_rms": 0.013389788568019867,
    "excitation_crest_factor": 81.47815620484255,
    "excitation_energy_fraction_first_5ms": 0.7103777527809143,
    "excitation_t90_ms": 218.3673469387755,
    "excitation_t99_ms": 951.3151927437642,
    "excitation_spectral_flatness": 0.2836112678050995
  },
  "wood": {
    "onset_idx": 0,
    "modal_reconstruction_rms_ratio": 0.9599269958601255,
    "modal_reconstruction_snr_db": 0.35523589070237505,
    "resynthesized_rms_ratio": 1.350008574563364,
    "resynthesized_snr_db": -2.6067305389147992,
    "residual_rms_ratio": 0.9599269958601255,
    "residual_snr_db": 0.35523589070237505,
    "excitation_peak": 1.8045778274536133,
    "excitation_rms": 0.018957851454615593,
    "excitation_crest_factor": 95.18894225321462,
    "excitation_energy_fraction_first_5ms": 0.9929545521736145,
    "excitation_t90_ms": 2.403628117913832,
    "excitation_t99_ms": 3.7188208616780045,
    "excitation_spectral_flatness": 0.46654102206230164
  }
}